url,scraped,scraped_at
https://charhub.ai/characters/10082,true,2026-07-22T20:15:21.134923
https://charhub.ai/characters/10266,true,2026-07-22T20:15:24.308087
https://charhub.ai/characters/105396,true,2026-07-22T20:15:27.437904
https://charhub.ai/characters/105648,true,2026-07-22T20:15:30.829665
https://charhub.ai/characters/105693,true,2026-07-22T19:50:46.304344
https://charhub.ai/characters/105886,true,2026-07-22T20:15:33.664222
https://charhub.ai/characters/105890,true,2026-07-22T20:15:36.778405
https://charhub.ai/characters/106159,true,2026-07-22T20:15:39.769522
https://charhub.ai/characters/106183,true,2026-07-22T19:50:50.546015
https://charhub.ai/characters/106509,true,2026-07-22T19:50:53.977811
https://charhub.ai/characters/106510,true,2026-07-22T20:15:43.330207
https://charhub.ai/characters/106517,true,2026-07-22T20:15:46.480381
https://charhub.ai/characters/106656,true,2026-07-22T20:15:49.599145
https://charhub.ai/characters/106662,true,2026-07-22T20:15:53.186713
https://charhub.ai/characters/106703,true,2026-07-22T20:15:56.398815
https://charhub.ai/characters/106827,true,2026-07-22T20:16:00.231960
https://charhub.ai/characters/107094,true,2026-07-22T19:54:00.009912
https://charhub.ai/characters/107149,true,2026-07-22T20:16:03.856583
https://charhub.ai/characters/10719,true,2026-07-22T20:16:06.883996
https://charhub.ai/characters/107220,true,2026-07-22T20:16:10.053916
https://charhub.ai/characters/107420,true,2026-07-22T20:11:25.962432
https://charhub.ai/characters/10779,true,2026-07-22T20:16:13.548552
https://charhub.ai/characters/107846,true,2026-07-22T20:16:17.012835
https://charhub.ai/characters/107975,true,2026-07-22T20:16:20.309415
https://charhub.ai/characters/108171,true,2026-07-22T20:16:23.534258
https://charhub.ai/characters/108481,true,2026-07-22T20:16:26.889283
https://charhub.ai/characters/108620,true,2026-07-22T20:16:29.930603
https://charhub.ai/characters/109099,true,2026-07-22T19:54:03.570827
https://charhub.ai/characters/109996,true,2026-07-22T20:16:33.108279
https://charhub.ai/characters/110449,true,2026-07-22T20:16:36.744587
https://charhub.ai/characters/110528,true,2026-07-22T19:54:06.807111
https://charhub.ai/characters/110683,true,2026-07-22T20:11:29.649765
https://charhub.ai/characters/110842,true,2026-07-22T20:16:39.999609
https://charhub.ai/characters/110904,true,2026-07-22T20:16:42.954468
https://charhub.ai/characters/111063,true,2026-07-22T20:16:46.330627
https://charhub.ai/characters/111704,true,2026-07-22T20:11:32.547786
https://charhub.ai/characters/112072,true,2026-07-22T20:16:49.617626
https://charhub.ai/characters/11301,true,2026-07-22T20:16:52.888183
https://charhub.ai/characters/113014,true,2026-07-22T20:16:55.877028
https://charhub.ai/characters/113076,true,2026-07-22T20:16:58.985079
https://charhub.ai/characters/113389,true,2026-07-22T20:17:02.078360
https://charhub.ai/characters/113800,true,2026-07-22T20:11:36.447474
https://charhub.ai/characters/114012,true,2026-07-22T20:11:39.972501
https://charhub.ai/characters/114047,true,2026-07-22T19:54:10.364193
https://charhub.ai/characters/114131,true,2026-07-22T20:17:05.339331
https://charhub.ai/characters/11429,true,2026-07-22T20:11:43.491867
https://charhub.ai/characters/1143,true,2026-07-22T20:17:08.995472
https://charhub.ai/characters/114300,true,2026-07-22T20:17:12.336908
https://charhub.ai/characters/114444,true,2026-07-22T20:17:15.523512
https://charhub.ai/characters/114660,true,2026-07-22T20:17:19.064313
https://charhub.ai/characters/114720,true,2026-07-22T20:17:22.373304
https://charhub.ai/characters/114971,true,2026-07-22T20:17:25.654774
https://charhub.ai/characters/115057,true,2026-07-22T20:17:29.151020
https://charhub.ai/characters/11510,true,2026-07-22T20:17:32.653318
https://charhub.ai/characters/11518,true,2026-07-22T20:17:35.735505
https://charhub.ai/characters/115242,true,2026-07-22T19:54:13.542581
https://charhub.ai/characters/1153,true,2026-07-22T20:11:46.671663
https://charhub.ai/characters/115406,true,2026-07-22T20:17:38.800350
https://charhub.ai/characters/115490,true,2026-07-22T20:17:42.215164
https://charhub.ai/characters/115629,true,2026-07-22T20:17:45.721478
https://charhub.ai/characters/115726,true,2026-07-22T20:17:49.336200
https://charhub.ai/characters/115787,true,2026-07-22T20:17:52.615460
https://charhub.ai/characters/115957,true,2026-07-22T20:17:55.886533
https://charhub.ai/characters/116123,true,2026-07-22T20:17:59.075486
https://charhub.ai/characters/116252,true,2026-07-22T20:18:02.589992
https://charhub.ai/characters/117219,true,2026-07-22T20:18:05.755260
https://charhub.ai/characters/117298,true,2026-07-22T19:54:16.870425
https://charhub.ai/characters/11738,true,2026-07-22T20:18:08.844313
https://charhub.ai/characters/117538,true,2026-07-22T20:18:12.228258
https://charhub.ai/characters/117579,true,2026-07-22T20:18:15.519991
https://charhub.ai/characters/117657,true,2026-07-22T19:54:20.090693
https://charhub.ai/characters/117782,true,2026-07-22T20:18:19.068877
https://charhub.ai/characters/117880,true,2026-07-22T20:18:22.412457
https://charhub.ai/characters/118123,true,2026-07-22T20:18:25.456077
https://charhub.ai/characters/118247,true,2026-07-22T20:18:28.746961
https://charhub.ai/characters/118767,true,2026-07-22T20:18:32.322344
https://charhub.ai/characters/118842,true,2026-07-22T20:18:35.504267
https://charhub.ai/characters/119605,true,2026-07-22T19:54:22.988007
https://charhub.ai/characters/119695,true,2026-07-22T20:18:38.804790
https://charhub.ai/characters/119837,true,2026-07-22T20:11:50.434620
https://charhub.ai/characters/119923,true,2026-07-22T20:18:42.046013
https://charhub.ai/characters/120180,true,2026-07-22T20:18:45.376231
https://charhub.ai/characters/120309,true,2026-07-22T19:54:26.388021
https://charhub.ai/characters/120835,true,2026-07-22T20:18:48.784409
https://charhub.ai/characters/120909,true,2026-07-22T19:54:29.834439
https://charhub.ai/characters/121144,true,2026-07-22T19:54:33.332209
https://charhub.ai/characters/121443,true,2026-07-22T20:18:52.249517
https://charhub.ai/characters/12145,true,2026-07-22T20:18:55.571472
https://charhub.ai/characters/121537,true,2026-07-22T20:11:53.745340
https://charhub.ai/characters/121626,true,2026-07-22T20:18:58.684698
https://charhub.ai/characters/121703,true,2026-07-22T20:19:02.500415
https://charhub.ai/characters/121836,true,2026-07-22T20:19:05.754501
https://charhub.ai/characters/121837,true,2026-07-22T20:11:56.970362
https://charhub.ai/characters/121931,true,2026-07-22T19:54:36.631964
https://charhub.ai/characters/122049,true,2026-07-22T20:19:09.769624
https://charhub.ai/characters/122120,true,2026-07-22T20:19:13.102156
https://charhub.ai/characters/122189,true,2026-07-22T20:19:16.708503
https://charhub.ai/characters/122302,true,2026-07-22T19:54:40.318206
https://charhub.ai/characters/122443,true,2026-07-22T19:54:43.669787
https://charhub.ai/characters/122710,true,2026-07-22T20:19:20.084332
https://charhub.ai/characters/122799,true,2026-07-22T20:19:23.083887
https://charhub.ai/characters/122997,true,2026-07-22T19:54:46.837694
https://charhub.ai/characters/123159,true,2026-07-22T20:12:00.318016
https://charhub.ai/characters/123210,true,2026-07-22T20:12:03.575223
https://charhub.ai/characters/123295,true,2026-07-22T20:19:26.860880
https://charhub.ai/characters/123326,true,2026-07-22T19:54:49.795957
https://charhub.ai/characters/123343,true,2026-07-22T20:19:30.056905
https://charhub.ai/characters/123419,true,2026-07-22T20:19:34.123157
https://charhub.ai/characters/123651,true,2026-07-22T20:19:37.706323
https://charhub.ai/characters/123654,true,2026-07-22T19:54:53.251253
https://charhub.ai/characters/123796,true,2026-07-22T20:19:41.385965
https://charhub.ai/characters/123826,true,2026-07-22T20:19:44.744280
https://charhub.ai/characters/123887,true,2026-07-22T20:19:47.912318
https://charhub.ai/characters/123936,true,2026-07-22T20:19:51.520890
https://charhub.ai/characters/124070,true,2026-07-22T20:19:55.310848
https://charhub.ai/characters/124104,true,2026-07-22T19:54:56.054378
https://charhub.ai/characters/124268,true,2026-07-22T19:54:58.992726
https://charhub.ai/characters/124359,true,2026-07-22T20:12:07.831289
https://charhub.ai/characters/124429,true,2026-07-22T19:55:02.295717
https://charhub.ai/characters/124546,true,2026-07-22T20:19:58.760499
https://charhub.ai/characters/124753,true,2026-07-22T20:20:02.487805
https://charhub.ai/characters/124864,true,2026-07-22T20:20:05.695046
https://charhub.ai/characters/125232,true,2026-07-22T20:20:09.335370
https://charhub.ai/characters/125484,true,2026-07-22T20:20:12.273381
https://charhub.ai/characters/126130,true,2026-07-22T20:12:11.227190
https://charhub.ai/characters/126817,true,2026-07-22T20:20:15.982124
https://charhub.ai/characters/12688,true,2026-07-22T20:20:19.291725
https://charhub.ai/characters/126933,true,2026-07-22T20:20:22.737795
https://charhub.ai/characters/126935,true,2026-07-22T20:20:26.079069
https://charhub.ai/characters/126961,true,2026-07-22T20:20:30.074232
https://charhub.ai/characters/127008,true,2026-07-22T20:20:33.295587
https://charhub.ai/characters/127023,true,2026-07-22T20:20:36.527183
https://charhub.ai/characters/12742,true,2026-07-22T20:20:39.758859
https://charhub.ai/characters/127431,true,2026-07-22T20:20:42.735831
https://charhub.ai/characters/12769,true,2026-07-22T19:55:05.379420
https://charhub.ai/characters/127877,true,2026-07-22T20:20:45.711939
https://charhub.ai/characters/127906,true,2026-07-22T20:20:49.160497
https://charhub.ai/characters/127908,true,2026-07-22T20:20:52.531845
https://charhub.ai/characters/128187,true,2026-07-22T20:20:55.910958
https://charhub.ai/characters/128338,true,2026-07-22T20:20:59.403196
https://charhub.ai/characters/128574,true,2026-07-22T20:21:02.947813
https://charhub.ai/characters/129257,true,2026-07-22T20:21:07.002186
https://charhub.ai/characters/129296,true,2026-07-22T20:21:11.305031
https://charhub.ai/characters/129751,true,2026-07-22T20:21:14.642226
https://charhub.ai/characters/129788,true,2026-07-22T19:55:08.830737
https://charhub.ai/characters/130832,true,2026-07-22T20:21:17.553122
https://charhub.ai/characters/13107,true,2026-07-22T20:21:21.312734
https://charhub.ai/characters/131507,true,2026-07-22T20:09:11.093864
https://charhub.ai/characters/131728,true,2026-07-22T19:55:12.429867
https://charhub.ai/characters/131917,true,2026-07-22T20:21:25.098014
https://charhub.ai/characters/131989,true,2026-07-22T19:55:15.987734
https://charhub.ai/characters/13199,true,2026-07-22T20:21:28.055108
https://charhub.ai/characters/132073,true,2026-07-22T20:21:31.507421
https://charhub.ai/characters/132544,true,2026-07-22T19:55:19.628460
https://charhub.ai/characters/132728,true,2026-07-22T20:12:14.583952
https://charhub.ai/characters/133282,true,2026-07-22T20:21:34.935671
https://charhub.ai/characters/13333,true,2026-07-22T20:21:38.389383
https://charhub.ai/characters/133393,true,2026-07-22T20:21:41.446631
https://charhub.ai/characters/133940,true,2026-07-22T20:12:17.992721
https://charhub.ai/characters/133976,true,2026-07-22T20:21:45.075992
https://charhub.ai/characters/13405,true,2026-07-22T20:21:48.553169
https://charhub.ai/characters/13419,true,2026-07-22T20:12:20.961222
https://charhub.ai/characters/134607,true,2026-07-22T20:21:51.874710
https://charhub.ai/characters/134774,true,2026-07-22T20:21:55.337506
https://charhub.ai/characters/135107,true,2026-07-22T20:21:58.736269
https://charhub.ai/characters/13600,true,2026-07-22T20:22:02.448495
https://charhub.ai/characters/136086,true,2026-07-22T20:22:05.704562
https://charhub.ai/characters/136249,true,2026-07-22T20:22:09.108132
https://charhub.ai/characters/13629,true,2026-07-22T20:22:12.626332
https://charhub.ai/characters/136656,true,2026-07-22T19:55:22.876663
https://charhub.ai/characters/136885,true,2026-07-22T20:22:16.029096
https://charhub.ai/characters/137239,true,2026-07-22T19:55:26.224643
https://charhub.ai/characters/137240,true,2026-07-22T20:12:24.522891
https://charhub.ai/characters/138685,true,2026-07-22T20:22:19.915817
https://charhub.ai/characters/138778,true,2026-07-22T19:55:29.589902
https://charhub.ai/characters/138986,true,2026-07-22T20:22:23.081450
https://charhub.ai/characters/139183,true,2026-07-22T20:22:26.261831
https://charhub.ai/characters/139389,true,2026-07-22T20:22:29.132508
https://charhub.ai/characters/139649,true,2026-07-22T20:22:32.177393
https://charhub.ai/characters/139727,true,2026-07-22T20:22:35.223537
https://charhub.ai/characters/13976,true,2026-07-22T20:22:39.016650
https://charhub.ai/characters/140464,true,2026-07-22T19:55:32.767497
https://charhub.ai/characters/140727,true,2026-07-22T20:22:42.623018
https://charhub.ai/characters/140734,true,2026-07-22T20:22:45.636609
https://charhub.ai/characters/140782,true,2026-07-22T20:12:28.036814
https://charhub.ai/characters/140828,true,2026-07-22T20:22:48.650681
https://charhub.ai/characters/14086,true,2026-07-22T20:22:52.329580
https://charhub.ai/characters/141348,true,2026-07-22T20:22:55.822679
https://charhub.ai/characters/142249,true,2026-07-22T20:22:58.888037
https://charhub.ai/characters/142432,true,2026-07-22T20:12:31.086562
https://charhub.ai/characters/14265,true,2026-07-22T20:23:01.975291
https://charhub.ai/characters/14299,true,2026-07-22T20:23:05.150099
https://charhub.ai/characters/14326,true,2026-07-22T20:23:08.236395
https://charhub.ai/characters/14432,true,2026-07-22T20:09:14.365934
https://charhub.ai/characters/14492,true,2026-07-22T20:23:11.503933
https://charhub.ai/characters/14506,true,2026-07-22T20:23:14.638743
https://charhub.ai/characters/14602,true,2026-07-22T20:12:57.700617
https://charhub.ai/characters/146823,true,2026-07-22T20:09:17.830867
https://charhub.ai/characters/146969,true,2026-07-22T20:23:17.810985
https://charhub.ai/characters/147165,true,2026-07-22T20:23:20.878620
https://charhub.ai/characters/147807,true,2026-07-22T20:23:24.188827
https://charhub.ai/characters/147824,true,2026-07-22T20:09:21.296260
https://charhub.ai/characters/14886,true,2026-07-22T20:23:27.751752
https://charhub.ai/characters/14938,true,2026-07-22T20:23:30.942807
https://charhub.ai/characters/15165,true,2026-07-22T20:23:34.765278
https://charhub.ai/characters/15213,true,2026-07-22T20:23:37.667453
https://charhub.ai/characters/15374,true,2026-07-22T20:09:24.902821
https://charhub.ai/characters/15394,true,2026-07-22T20:23:41.310430
https://charhub.ai/characters/15469,true,2026-07-22T20:23:44.145344
https://charhub.ai/characters/15626,true,2026-07-22T20:23:47.171778
https://charhub.ai/characters/16007,true,2026-07-22T20:23:50.509655
https://charhub.ai/characters/16526,true,2026-07-22T20:23:54.327981
https://charhub.ai/characters/16576,true,2026-07-22T20:23:57.149025
https://charhub.ai/characters/16701,true,2026-07-22T20:23:59.585280
https://charhub.ai/characters/17086,true,2026-07-22T20:24:02.554713
https://charhub.ai/characters/17107,true,2026-07-22T20:24:05.595678
https://charhub.ai/characters/17163,true,2026-07-22T20:24:08.910552
https://charhub.ai/characters/17249,true,2026-07-22T20:24:12.083920
https://charhub.ai/characters/17277,true,2026-07-22T20:24:15.212019
https://charhub.ai/characters/17354,true,2026-07-22T20:24:18.331555
https://charhub.ai/characters/17482,true,2026-07-22T20:13:01.373668
https://charhub.ai/characters/17741,true,2026-07-22T20:24:21.745041
https://charhub.ai/characters/17982,true,2026-07-22T20:24:25.036824
https://charhub.ai/characters/18048,true,2026-07-22T20:24:28.370471
https://charhub.ai/characters/18100,true,2026-07-22T20:09:28.427799
https://charhub.ai/characters/18649,true,2026-07-22T20:09:32.039640
https://charhub.ai/characters/18873,true,2026-07-22T20:24:31.814685
https://charhub.ai/characters/19094,true,2026-07-22T20:09:35.723990
https://charhub.ai/characters/19391,true,2026-07-22T20:09:40.695363
https://charhub.ai/characters/19441,true,2026-07-22T20:24:34.617447
https://charhub.ai/characters/20155,true,2026-07-22T20:09:45.019140
https://charhub.ai/characters/20192,true,2026-07-22T20:24:38.332809
https://charhub.ai/characters/20415,true,2026-07-22T20:24:41.775811
https://charhub.ai/characters/20738,true,2026-07-22T20:24:45.333241
https://charhub.ai/characters/20761,true,2026-07-22T20:24:48.439364
https://charhub.ai/characters/20767,true,2026-07-22T20:24:51.635186
https://charhub.ai/characters/20768,true,2026-07-22T20:24:54.890375
https://charhub.ai/characters/20867,true,2026-07-22T20:24:58.319269
https://charhub.ai/characters/21519,true,2026-07-22T20:25:02.476278
https://charhub.ai/characters/22248,true,2026-07-22T20:25:05.750862
https://charhub.ai/characters/22531,true,2026-07-22T20:25:09.638553
https://charhub.ai/characters/22707,true,2026-07-22T20:25:13.257614
https://charhub.ai/characters/23078,true,2026-07-22T20:25:15.950554
https://charhub.ai/characters/23551,true,2026-07-22T20:25:19.211556
https://charhub.ai/characters/23937,true,2026-07-22T20:09:48.138849
https://charhub.ai/characters/24161,true,2026-07-22T20:13:04.511190
https://charhub.ai/characters/24172,true,2026-07-22T20:09:51.229290
https://charhub.ai/characters/24406,true,2026-07-22T20:13:07.767057
https://charhub.ai/characters/24501,true,2026-07-22T20:13:11.064298
https://charhub.ai/characters/2461,true,2026-07-22T20:13:14.444034
https://charhub.ai/characters/24617,true,2026-07-22T20:25:22.398956
https://charhub.ai/characters/24729,true,2026-07-22T20:25:25.185655
https://charhub.ai/characters/24730,true,2026-07-22T20:25:28.013398
https://charhub.ai/characters/24735,true,2026-07-22T20:25:31.280969
https://charhub.ai/characters/2475,true,2026-07-22T20:25:34.256458
https://charhub.ai/characters/249,true,2026-07-22T20:25:37.843356
https://charhub.ai/characters/24959,true,2026-07-22T20:25:40.572222
https://charhub.ai/characters/25100,true,2026-07-22T20:25:43.520172
https://charhub.ai/characters/25139,true,2026-07-22T20:25:46.504085
https://charhub.ai/characters/25301,true,2026-07-22T20:25:49.251676
https://charhub.ai/characters/25495,true,2026-07-22T20:25:52.751248
https://charhub.ai/characters/25535,true,2026-07-22T20:25:55.925235
https://charhub.ai/characters/25585,true,2026-07-22T20:25:58.999217
https://charhub.ai/characters/25614,true,2026-07-22T20:26:02.268064
https://charhub.ai/characters/25682,true,2026-07-22T20:26:05.371144
https://charhub.ai/characters/26313,true,2026-07-22T20:26:08.794364
https://charhub.ai/characters/26572,true,2026-07-22T20:26:11.977267
https://charhub.ai/characters/26605,true,2026-07-22T20:26:15.506923
https://charhub.ai/characters/27088,true,2026-07-22T20:26:18.901173
https://charhub.ai/characters/27156,true,2026-07-22T20:26:21.943382
https://charhub.ai/characters/27316,true,2026-07-22T20:13:17.545664
https://charhub.ai/characters/27464,true,2026-07-22T20:26:25.305488
https://charhub.ai/characters/27796,true,2026-07-22T20:26:28.440088
https://charhub.ai/characters/27826,true,2026-07-22T20:26:32.019237
https://charhub.ai/characters/27865,true,2026-07-22T20:26:34.900679
https://charhub.ai/characters/28061,true,2026-07-22T20:26:38.820004
https://charhub.ai/characters/28066,true,2026-07-22T20:26:42.410156
https://charhub.ai/characters/28141,true,2026-07-22T20:09:55.144873
https://charhub.ai/characters/28472,true,2026-07-22T20:26:45.508559
https://charhub.ai/characters/28685,true,2026-07-22T20:26:48.946182
https://charhub.ai/characters/28720,true,2026-07-22T20:26:52.469234
https://charhub.ai/characters/2876,true,2026-07-22T20:09:58.746917
https://charhub.ai/characters/28811,true,2026-07-22T20:10:02.623357
https://charhub.ai/characters/28815,true,2026-07-22T20:10:06.134271
https://charhub.ai/characters/29419,true,2026-07-22T20:26:55.451000
https://charhub.ai/characters/29551,true,2026-07-22T20:13:20.773339
https://charhub.ai/characters/29627,true,2026-07-22T20:26:58.609430
https://charhub.ai/characters/301,true,2026-07-22T20:27:01.315286
https://charhub.ai/characters/3030,true,2026-07-22T20:13:25.587464
https://charhub.ai/characters/30310,true,2026-07-22T20:27:04.262298
https://charhub.ai/characters/30403,true,2026-07-22T20:13:29.226054
https://charhub.ai/characters/30560,true,2026-07-22T20:27:07.990800
https://charhub.ai/characters/30561,true,2026-07-22T20:27:11.406570
https://charhub.ai/characters/30582,true,2026-07-22T20:27:14.604615
https://charhub.ai/characters/30585,true,2026-07-22T20:27:17.708435
https://charhub.ai/characters/30600,true,2026-07-22T20:27:21.225224
https://charhub.ai/characters/3063,true,2026-07-22T20:27:24.190711
https://charhub.ai/characters/30785,true,2026-07-22T20:13:32.639817
https://charhub.ai/characters/30795,true,2026-07-22T20:10:08.863700
https://charhub.ai/characters/30844,true,2026-07-22T20:27:26.996859
https://charhub.ai/characters/3102,true,2026-07-22T20:27:30.449891
https://charhub.ai/characters/31339,true,2026-07-22T20:13:35.965106
https://charhub.ai/characters/31410,true,2026-07-22T20:27:33.893822
https://charhub.ai/characters/31493,true,2026-07-22T20:27:36.962802
https://charhub.ai/characters/31724,true,2026-07-22T20:10:12.352617
https://charhub.ai/characters/423,true,2026-07-22T20:10:15.715335
https://charhub.ai/characters/4427,true,2026-07-22T20:27:40.130404
https://charhub.ai/characters/46,true,2026-07-22T20:10:19.161734
https://charhub.ai/characters/4738,true,2026-07-22T20:27:43.591132
https://charhub.ai/characters/4914,true,2026-07-22T20:10:23.022855
https://charhub.ai/characters/5008,true,2026-07-22T20:27:46.454713
https://charhub.ai/characters/5725,true,2026-07-22T20:27:49.478710
https://charhub.ai/characters/6475,true,2026-07-22T20:10:26.563965
https://charhub.ai/characters/72,true,2026-07-22T20:27:53.070963
https://charhub.ai/characters/7649,true,2026-07-22T20:27:56.555907
https://charhub.ai/characters/79958,true,2026-07-22T20:10:30.064013
https://charhub.ai/characters/79994,true,2026-07-22T20:10:33.629995
https://charhub.ai/characters/80011,true,2026-07-22T20:28:04.983990
https://charhub.ai/characters/80020,true,2026-07-22T20:28:08.216775
https://charhub.ai/characters/80026,true,2026-07-22T20:28:14.338206
https://charhub.ai/characters/80027,true,2026-07-22T20:28:17.184693
https://charhub.ai/characters/80036,true,2026-07-22T20:28:23.026950
https://charhub.ai/characters/80039,true,2026-07-22T20:28:26.010241
https://charhub.ai/characters/80060,true,2026-07-22T20:28:30.388935
https://charhub.ai/characters/80140,true,2026-07-22T20:28:35.682768
https://charhub.ai/characters/81134,true,2026-07-22T20:28:41.108558
https://charhub.ai/characters/81287,true,2026-07-22T20:28:45.374969
https://charhub.ai/characters/81335,true,2026-07-22T20:28:48.462751
https://charhub.ai/characters/81595,true,2026-07-22T20:28:53.054775
https://charhub.ai/characters/81690,true,2026-07-22T20:28:57.943626
https://charhub.ai/characters/81793,true,2026-07-22T20:29:01.050708
https://charhub.ai/characters/81808,true,2026-07-22T20:29:12.779523
https://charhub.ai/characters/81867,true,2026-07-22T20:29:25.605226
https://charhub.ai/characters/81894,true,2026-07-22T20:29:28.665903
https://charhub.ai/characters/819,true,2026-07-22T20:29:31.952815
https://charhub.ai/characters/81945,true,2026-07-22T20:29:35.755101
https://charhub.ai/characters/81980,true,2026-07-22T20:29:39.002272
https://charhub.ai/characters/82018,true,2026-07-22T20:29:42.269439
https://charhub.ai/characters/82174,true,2026-07-22T20:13:39.015960
https://charhub.ai/characters/82536,true,2026-07-22T20:29:45.633157
https://charhub.ai/characters/82620,true,2026-07-22T20:29:49.122268
https://charhub.ai/characters/82735,true,2026-07-22T20:29:51.945729
https://charhub.ai/characters/82796,true,2026-07-22T20:29:55.219896
https://charhub.ai/characters/82812,true,2026-07-22T20:29:58.519643
https://charhub.ai/characters/82920,true,2026-07-22T20:30:04.774990
https://charhub.ai/characters/83199,true,2026-07-22T20:10:37.496591
https://charhub.ai/characters/83330,true,2026-07-22T20:13:42.193753
https://charhub.ai/characters/84036,true,2026-07-22T20:30:10.244897
https://charhub.ai/characters/84063,true,2026-07-22T20:30:13.455905
https://charhub.ai/characters/84181,true,2026-07-22T20:30:16.641428
https://charhub.ai/characters/84364,true,2026-07-22T20:30:20.182768
https://charhub.ai/characters/84505,true,2026-07-22T20:10:40.610215
https://charhub.ai/characters/84617,true,2026-07-22T20:30:25.098606
https://charhub.ai/characters/84669,true,2026-07-22T20:10:43.901385
https://charhub.ai/characters/85004,true,2026-07-22T20:13:45.657532
https://charhub.ai/characters/85033,true,2026-07-22T20:10:47.257716
https://charhub.ai/characters/85110,true,2026-07-22T20:30:28.645053
https://charhub.ai/characters/85143,true,2026-07-22T20:30:34.136696
https://charhub.ai/characters/85159,true,2026-07-22T20:30:37.750547
https://charhub.ai/characters/85193,true,2026-07-22T20:30:42.840268
https://charhub.ai/characters/85447,true,2026-07-22T20:13:49.013006
https://charhub.ai/characters/85522,true,2026-07-22T20:30:50.262853
https://charhub.ai/characters/85843,true,2026-07-22T20:30:54.198879
https://charhub.ai/characters/86461,true,2026-07-22T20:31:08.263069
https://charhub.ai/characters/86720,true,2026-07-22T20:31:11.493448
https://charhub.ai/characters/86741,true,2026-07-22T20:32:21.164533
https://charhub.ai/characters/86805,true,2026-07-22T20:32:24.644204
https://charhub.ai/characters/86882,true,2026-07-22T20:13:52.378330
https://charhub.ai/characters/87079,true,2026-07-22T20:32:27.381397
https://charhub.ai/characters/87255,true,2026-07-22T20:32:30.520241
https://charhub.ai/characters/87348,true,2026-07-22T20:32:33.585087
https://charhub.ai/characters/87601,true,2026-07-22T20:32:37.048589
https://charhub.ai/characters/87671,true,2026-07-22T20:32:40.476052
https://charhub.ai/characters/87818,true,2026-07-22T20:10:51.026315
https://charhub.ai/characters/8788,true,2026-07-22T20:32:43.745288
https://charhub.ai/characters/88095,true,2026-07-22T20:32:47.394100
https://charhub.ai/characters/88310,true,2026-07-22T20:32:50.418475
https://charhub.ai/characters/88328,true,2026-07-22T20:32:53.561203
https://charhub.ai/characters/88543,true,2026-07-22T20:32:56.928988
https://charhub.ai/characters/88597,true,2026-07-22T20:10:54.397776
https://charhub.ai/characters/88722,true,2026-07-22T20:33:00.379045
https://charhub.ai/characters/89367,true,2026-07-22T20:33:03.798515
https://charhub.ai/characters/89419,true,2026-07-22T20:10:58.063618
https://charhub.ai/characters/9271,true,2026-07-22T20:13:56.208049
https://charhub.ai/characters/9417,true,2026-07-22T20:33:07.019318
https://charhub.ai/characters/9455,true,2026-07-22T20:33:10.321036
https://charhub.ai/characters/9481,true,2026-07-22T20:33:13.669058
https://charhub.ai/characters/9484,true,2026-07-22T20:33:17.146158
https://charhub.ai/characters/9492,true,2026-07-22T20:33:20.434469
https://charhub.ai/characters/9499,true,2026-07-22T20:33:23.615357
https://charhub.ai/characters/9505,true,2026-07-22T20:33:27.066124
